post_id,date,user_id
P0001,2024-10-01,U0016
P0001,2024-10-01,U0139
P0001,2024-10-01,U0717
P0001,2024-10-01,U0690
P0001,2024-10-01,U0417
P0001,2024-10-01,U0810
P0001,2024-10-01,U0294
P0001,2024-10-01,U0765
P0001,2024-10-01,U0074
P0001,2024-10-01,U0085
P0001,2024-10-01,U0166
P0001,2024-10-01,U0320
P0001,2024-10-01,U0244
P0001,2024-10-01,U0389
P0001,2024-10-01,U0092
P0001,2024-10-01,U0286
P0001,2024-10-01,U0488
P0001,2024-10-01,U0391
P0001,2024-10-01,U0355
P0001,2024-10-01,U0668
P0001,2024-10-01,U0464
P0001,2024-10-01,U0443
P0001,2024-10-01,U0077
P0001,2024-10-01,U0381
P0001,2024-10-01,U0399
P0001,2024-10-01,U0697
P0001,2024-10-01,U0774
P0001,2024-10-01,U0785
P0001,2024-10-01,U0154
P0001,2024-10-01,U0240
P0001,2024-10-01,U0096
P0001,2024-10-01,U0465
P0001,2024-10-01,U0051
P0001,2024-10-01,U0812
P0001,2024-10-01,U0725
P0001,2024-10-01,U0090
P0001,2024-10-01,U0568
P0001,2024-10-01,U0482
P0001,2024-10-01,U0793
P0001,2024-10-01,U0007
P0001,2024-10-01,U0545
P0001,2024-10-01,U0135
P0001,2024-10-01,U0217
P0001,2024-10-01,U0279
P0001,2024-10-01,U0775
P0001,2024-10-01,U0304
P0001,2024-10-01,U0253
P0001,2024-10-01,U0454
P0001,2024-10-01,U0607
P0001,2024-10-01,U0169
P0001,2024-10-01,U0224
P0001,2024-10-01,U0646
P0001,2024-10-01,U0393
P0001,2024-10-01,U0380
P0001,2024-10-01,U0837
P0001,2024-10-01,U0139
P0001,2024-10-01,U0158
P0001,2024-10-01,U0723
P0001,2024-10-01,U0050
P0001,2024-10-01,U0773
P0001,2024-10-01,U0611
P0001,2024-10-01,U0028
P0001,2024-10-01,U0497
P0001,2024-10-01,U0175
P0001,2024-10-01,U0022
P0001,2024-10-01,U0664
P0001,2024-10-01,U0172
P0001,2024-10-01,U0710
P0001,2024-10-01,U0541
P0001,2024-10-01,U0287
P0001,2024-10-01,U0302
P0001,2024-10-01,U0472
P0001,2024-10-01,U0368
P0001,2024-10-01,U0082
P0001,2024-10-01,U0623
P0001,2024-10-01,U0169
P0001,2024-10-01,U0495
P0001,2024-10-01,U0632
P0001,2024-10-01,U0485
P0001,2024-10-01,U0497
P0001,2024-10-01,U0344
P0001,2024-10-01,U0796
P0001,2024-10-01,U0582
P0001,2024-10-01,U0697
P0001,2024-10-01,U0193
P0001,2024-10-01,U0373
P0001,2024-10-01,U0358
P0001,2024-10-01,U0401
P0001,2024-10-01,U0686
P0001,2024-10-01,U0291
P0001,2024-10-01,U0702
P0001,2024-10-01,U0541
P0001,2024-10-01,U0721
P0001,2024-10-01,U0689
P0001,2024-10-01,U0630
P0001,2024-10-01,U0736
P0001,2024-10-01,U0593
P0001,2024-10-01,U0123
P0001,2024-10-01,U0743
P0001,2024-10-01,U0730
P0001,2024-10-01,U0602
P0001,2024-10-01,U0696
P0001,2024-10-01,U0752
P0001,2024-10-01,U0535
P0001,2024-10-01,U0802
P0001,2024-10-01,U0830
P0001,2024-10-01,U0358
P0001,2024-10-01,U0188
P0001,2024-10-01,U0816
P0001,2024-10-01,U0656
P0001,2024-10-01,U0504
P0001,2024-10-01,U0301
P0001,2024-10-01,U0486
P0001,2024-10-01,U0254
P0001,2024-10-01,U0566
P0001,2024-10-01,U0659
P0001,2024-10-01,U0619
P0001,2024-10-01,U0778
P0001,2024-10-01,U0449
P0001,2024-10-01,U0526
P0001,2024-10-01,U0282
P0001,2024-10-01,U0125
P0001,2024-10-01,U0609
P0001,2024-10-01,U0430
P0001,2024-10-01,U0741
P0001,2024-10-01,U0183
P0001,2024-10-01,U0016
P0001,2024-10-01,U0185
P0001,2024-10-02,U0281
P0001,2024-10-02,U0122
P0001,2024-10-02,U0564
P0001,2024-10-02,U0238
P0001,2024-10-02,U0261
P0001,2024-10-02,U0044
P0001,2024-10-02,U0754
P0001,2024-10-02,U0413
P0001,2024-10-02,U0004
P0001,2024-10-02,U0801
P0001,2024-10-02,U0058
P0001,2024-10-02,U0411
P0001,2024-10-02,U0793
P0001,2024-10-02,U0087
P0001,2024-10-02,U0780
P0001,2024-10-02,U0720
P0001,2024-10-02,U0427
P0001,2024-10-02,U0481
P0001,2024-10-02,U0050
P0001,2024-10-02,U0813
P0001,2024-10-02,U0830
P0001,2024-10-02,U0761
P0001,2024-10-02,U0504
P0001,2024-10-02,U0260
P0001,2024-10-02,U0100
P0001,2024-10-02,U0551
P0001,2024-10-02,U0200
P0001,2024-10-02,U0249
P0001,2024-10-02,U0348
P0001,2024-10-02,U0674
P0001,2024-10-02,U0361
P0001,2024-10-02,U0734
P0001,2024-10-02,U0124
P0001,2024-10-02,U0201
P0001,2024-10-02,U0092
P0001,2024-10-02,U0008
P0001,2024-10-02,U0583
P0001,2024-10-02,U0784
P0001,2024-10-02,U0785
P0001,2024-10-02,U0515
P0001,2024-10-02,U0567
P0001,2024-10-02,U0318
P0001,2024-10-02,U0022
P0001,2024-10-02,U0609
P0001,2024-10-02,U0330
P0001,2024-10-02,U0369
P0001,2024-10-02,U0591
P0001,2024-10-02,U0781
P0001,2024-10-02,U0008
P0001,2024-10-02,U0530
P0001,2024-10-02,U0101
P0001,2024-10-02,U0488
P0001,2024-10-02,U0447
P0001,2024-10-02,U0476
P0001,2024-10-02,U0414
P0001,2024-10-02,U0478
P0001,2024-10-02,U0722
P0001,2024-10-02,U0098
P0001,2024-10-02,U0317
P0001,2024-10-02,U0319
P0001,2024-10-02,U0579
P0001,2024-10-02,U0422
P0001,2024-10-02,U0030
P0001,2024-10-02,U0447
P0001,2024-10-02,U0722
P0001,2024-10-02,U0753
P0001,2024-10-02,U0653
P0001,2024-10-02,U0297
P0001,2024-10-02,U0575
P0001,2024-10-02,U0117
P0001,2024-10-02,U0484
P0001,2024-10-02,U0750
P0001,2024-10-02,U0353
P0001,2024-10-02,U0571
P0001,2024-10-02,U0053
P0001,2024-10-02,U0740
P0001,2024-10-02,U0563
P0001,2024-10-02,U0316
P0001,2024-10-02,U0654
P0001,2024-10-02,U0416
P0001,2024-10-02,U0068
P0001,2024-10-02,U0424
P0001,2024-10-02,U0633
P0001,2024-10-02,U0434
P0001,2024-10-02,U0026
P0001,2024-10-02,U0423
P0001,2024-10-02,U0267
P0001,2024-10-02,U0310
P0001,2024-10-02,U0571
P0001,2024-10-02,U0216
P0001,2024-10-02,U0254
P0001,2024-10-02,U0490
P0001,2024-10-02,U0447
P0001,2024-10-02,U0759
P0001,2024-10-02,U0567
P0001,2024-10-02,U0012
P0001,2024-10-02,U0393
P0001,2024-10-02,U0236
P0001,2024-10-02,U0813
P0001,2024-10-02,U0645
P0001,2024-10-02,U0451
P0001,2024-10-02,U0628
P0001,2024-10-02,U0752
P0001,2024-10-02,U0713
P0001,2024-10-02,U0256
P0001,2024-10-02,U0265
P0001,2024-10-02,U0527
P0001,2024-10-02,U0330
P0001,2024-10-02,U0707
P0001,2024-10-02,U0764
P0001,2024-10-02,U0120
P0001,2024-10-02,U0679
P0001,2024-10-02,U0787
P0001,2024-10-02,U0380
P0001,2024-10-02,U0018
P0001,2024-10-02,U0783
P0001,2024-10-02,U0322
P0001,2024-10-02,U0519
P0001,2024-10-02,U0014
P0001,2024-10-02,U0614
P0001,2024-10-02,U0850
P0001,2024-10-02,U0472
P0001,2024-10-02,U0210
P0001,2024-10-02,U0113
P0001,2024-10-02,U0154
P0001,2024-10-02,U0021
P0001,2024-10-02,U0676
P0001,2024-10-02,U0300
P0001,2024-10-02,U0137
P0001,2024-10-02,U0372
P0001,2024-10-02,U0011
P0001,2024-10-02,U0838
P0001,2024-10-02,U0675
P0001,2024-10-02,U0443
P0001,2024-10-02,U0004
P0001,2024-10-02,U0234
P0001,2024-10-03,U0474
P0001,2024-10-03,U0619
P0001,2024-10-03,U0255
P0001,2024-10-03,U0772
P0001,2024-10-03,U0276
P0001,2024-10-03,U0329
P0001,2024-10-03,U0758
P0001,2024-10-03,U0367
P0001,2024-10-03,U0252
P0001,2024-10-03,U0609
P0001,2024-10-03,U0264
P0001,2024-10-03,U0653
P0001,2024-10-03,U0702
P0001,2024-10-03,U0595
P0001,2024-10-03,U0007
P0001,2024-10-03,U0673
P0001,2024-10-03,U0618
P0001,2024-10-03,U0843
P0001,2024-10-03,U0122
P0001,2024-10-03,U0020
P0001,2024-10-03,U0039
P0001,2024-10-03,U0770
P0001,2024-10-03,U0400
P0001,2024-10-03,U0538
P0001,2024-10-03,U0628
P0001,2024-10-03,U0041
P0001,2024-10-03,U0616
P0001,2024-10-03,U0331
P0001,2024-10-03,U0250
P0001,2024-10-03,U0554
P0001,2024-10-03,U0610
P0001,2024-10-03,U0390
P0001,2024-10-03,U0396
P0001,2024-10-03,U0571
P0001,2024-10-03,U0733
P0001,2024-10-03,U0614
P0001,2024-10-03,U0177
P0001,2024-10-03,U0019
P0001,2024-10-03,U0707
P0001,2024-10-03,U0344
P0001,2024-10-03,U0023
P0001,2024-10-03,U0676
P0001,2024-10-03,U0563
P0001,2024-10-03,U0615
P0001,2024-10-03,U0417
P0001,2024-10-03,U0624
P0001,2024-10-03,U0002
P0001,2024-10-03,U0080
P0001,2024-10-03,U0397
P0001,2024-10-03,U0317
P0001,2024-10-03,U0678
P0001,2024-10-03,U0234
P0001,2024-10-03,U0147
P0001,2024-10-03,U0702
P0001,2024-10-03,U0566
P0001,2024-10-03,U0735
P0001,2024-10-03,U0525
P0001,2024-10-03,U0728
P0001,2024-10-03,U0436
P0001,2024-10-03,U0316
P0001,2024-10-03,U0449
P0001,2024-10-03,U0809
P0001,2024-10-03,U0366
P0001,2024-10-03,U0744
P0001,2024-10-03,U0556
P0001,2024-10-03,U0264
P0001,2024-10-03,U0751
P0001,2024-10-03,U0538
P0001,2024-10-03,U0617
P0001,2024-10-03,U0426
P0001,2024-10-03,U0366
P0001,2024-10-03,U0208
P0001,2024-10-03,U0655
P0001,2024-10-03,U0024
P0001,2024-10-03,U0645
P0001,2024-10-03,U0578
P0001,2024-10-03,U0082
P0001,2024-10-03,U0058
P0001,2024-10-03,U0317
P0001,2024-10-03,U0131
P0001,2024-10-03,U0374
P0001,2024-10-03,U0796
P0001,2024-10-03,U0390
P0001,2024-10-03,U0102
P0001,2024-10-03,U0043
P0001,2024-10-03,U0644
P0001,2024-10-03,U0494
P0001,2024-10-03,U0168
P0001,2024-10-03,U0306
P0001,2024-10-03,U0555
P0001,2024-10-03,U0344
P0001,2024-10-03,U0538
P0001,2024-10-03,U0708
P0001,2024-10-03,U0463
P0001,2024-10-03,U0549
P0001,2024-10-03,U0024
P0001,2024-10-03,U0094
P0001,2024-10-03,U0805
P0001,2024-10-03,U0335
P0001,2024-10-03,U0674
P0001,2024-10-03,U0380
P0001,2024-10-03,U0019
P0001,2024-10-03,U0568
P0001,2024-10-03,U0506
P0001,2024-10-03,U0456
P0001,2024-10-03,U0793
P0001,2024-10-03,U0671
P0001,2024-10-03,U0118
P0001,2024-10-03,U0389
P0001,2024-10-03,U0020
P0001,2024-10-03,U0327
P0001,2024-10-03,U0109
P0001,2024-10-03,U0764
P0001,2024-10-03,U0292
P0001,2024-10-03,U0175
P0001,2024-10-03,U0371
P0001,2024-10-03,U0494
P0001,2024-10-03,U0359
P0001,2024-10-03,U0124
P0001,2024-10-03,U0568
P0001,2024-10-03,U0154
P0001,2024-10-03,U0247
P0001,2024-10-03,U0583
P0001,2024-10-03,U0283
P0001,2024-10-03,U0716
P0001,2024-10-03,U0802
P0001,2024-10-03,U0220
P0001,2024-10-04,U0318
P0001,2024-10-04,U0597
P0001,2024-10-04,U0177
P0001,2024-10-04,U0078
P0001,2024-10-04,U0406
P0001,2024-10-04,U0735
P0001,2024-10-04,U0818
P0001,2024-10-04,U0777
P0001,2024-10-04,U0133
P0001,2024-10-04,U0780
P0001,2024-10-04,U0672
P0001,2024-10-04,U0316
P0001,2024-10-04,U0258
P0001,2024-10-04,U0131
P0001,2024-10-04,U0382
P0001,2024-10-04,U0086
P0001,2024-10-04,U0285
P0001,2024-10-04,U0673
P0001,2024-10-04,U0183
P0001,2024-10-04,U0103
P0001,2024-10-04,U0143
P0001,2024-10-04,U0668
P0001,2024-10-04,U0167
P0001,2024-10-04,U0028
P0001,2024-10-04,U0549
P0001,2024-10-04,U0702
P0001,2024-10-04,U0436
P0001,2024-10-04,U0393
P0001,2024-10-04,U0684
P0001,2024-10-04,U0018
P0001,2024-10-04,U0078
P0001,2024-10-04,U0453
P0001,2024-10-04,U0151
P0001,2024-10-04,U0383
P0001,2024-10-04,U0188
P0001,2024-10-04,U0213
P0001,2024-10-04,U0695
P0001,2024-10-04,U0726
P0001,2024-10-04,U0363
P0001,2024-10-04,U0553
P0001,2024-10-04,U0758
P0001,2024-10-04,U0694
P0001,2024-10-04,U0825
P0001,2024-10-04,U0507
P0001,2024-10-04,U0479
P0001,2024-10-04,U0038
P0001,2024-10-04,U0074
P0001,2024-10-04,U0269
P0001,2024-10-04,U0756
P0001,2024-10-04,U0176
P0001,2024-10-04,U0425
P0001,2024-10-04,U0523
P0001,2024-10-04,U0441
P0001,2024-10-04,U0230
P0001,2024-10-04,U0585
P0001,2024-10-04,U0518
P0001,2024-10-04,U0545
P0001,2024-10-04,U0313
P0001,2024-10-04,U0830
P0001,2024-10-04,U0034
P0001,2024-10-04,U0414
P0001,2024-10-04,U0489
P0001,2024-10-04,U0669
P0001,2024-10-04,U0302
P0001,2024-10-04,U0801
P0001,2024-10-04,U0357
P0001,2024-10-04,U0608
P0001,2024-10-04,U0158
P0001,2024-10-04,U0356
P0001,2024-10-04,U0726
P0001,2024-10-04,U0224
P0001,2024-10-04,U0735
P0001,2024-10-04,U0790
P0001,2024-10-04,U0265
P0001,2024-10-04,U0318
P0001,2024-10-04,U0099
P0001,2024-10-04,U0202
P0001,2024-10-04,U0359
P0001,2024-10-04,U0151
P0001,2024-10-04,U0672
P0001,2024-10-04,U0268
P0001,2024-10-04,U0614
P0001,2024-10-04,U0075
P0001,2024-10-04,U0151
P0001,2024-10-04,U0048
P0001,2024-10-04,U0237
P0001,2024-10-04,U0281
P0001,2024-10-04,U0299
P0001,2024-10-04,U0481
P0001,2024-10-04,U0023
P0001,2024-10-04,U0098
P0001,2024-10-04,U0538
P0001,2024-10-04,U0559
P0001,2024-10-04,U0570
P0001,2024-10-04,U0616
P0001,2024-10-04,U0013
P0001,2024-10-04,U0109
P0001,2024-10-04,U0847
P0001,2024-10-04,U0202
P0001,2024-10-04,U0038
P0001,2024-10-04,U0375
P0001,2024-10-04,U0631
P0001,2024-10-04,U0746
P0001,2024-10-04,U0757
P0001,2024-10-04,U0698
P0001,2024-10-04,U0447
P0001,2024-10-04,U0324
P0001,2024-10-04,U0542
P0001,2024-10-04,U0450
P0001,2024-10-04,U0552
P0001,2024-10-04,U0138
P0001,2024-10-04,U0099
P0001,2024-10-04,U0273
P0001,2024-10-04,U0201
P0001,2024-10-04,U0740
P0001,2024-10-04,U0483
P0001,2024-10-04,U0648
P0001,2024-10-04,U0663
P0001,2024-10-04,U0397
P0001,2024-10-04,U0247
P0001,2024-10-04,U0046
P0001,2024-10-04,U0179
P0001,2024-10-04,U0015
P0001,2024-10-04,U0671
P0001,2024-10-05,U0631
P0001,2024-10-05,U0342
P0001,2024-10-05,U0241
P0001,2024-10-05,U0039
P0001,2024-10-05,U0584
P0001,2024-10-05,U0576
P0001,2024-10-05,U0124
P0001,2024-10-05,U0666
P0001,2024-10-05,U0833
P0001,2024-10-05,U0742
P0001,2024-10-05,U0500
P0001,2024-10-05,U0253
P0001,2024-10-05,U0009
P0001,2024-10-05,U0251
P0001,2024-10-05,U0086
P0001,2024-10-05,U0804
P0001,2024-10-05,U0665
P0001,2024-10-05,U0753
P0001,2024-10-05,U0511
P0001,2024-10-05,U0807
P0001,2024-10-05,U0521
P0001,2024-10-05,U0194
P0001,2024-10-05,U0794
P0001,2024-10-05,U0407
P0001,2024-10-05,U0400
P0001,2024-10-05,U0687
P0001,2024-10-05,U0836
P0001,2024-10-05,U0566
P0001,2024-10-05,U0551
P0001,2024-10-05,U0375
P0001,2024-10-05,U0563
P0001,2024-10-05,U0399
P0001,2024-10-05,U0202
P0001,2024-10-05,U0081
P0001,2024-10-05,U0302
P0001,2024-10-05,U0385
P0001,2024-10-05,U0011
P0001,2024-10-05,U0612
P0001,2024-10-05,U0667
P0001,2024-10-05,U0561
P0001,2024-10-05,U0618
P0001,2024-10-05,U0838
P0001,2024-10-05,U0575
P0001,2024-10-05,U0753
P0001,2024-10-05,U0769
P0001,2024-10-05,U0640
P0001,2024-10-05,U0043
P0001,2024-10-05,U0272
P0001,2024-10-05,U0644
P0001,2024-10-05,U0800
P0001,2024-10-05,U0022
P0001,2024-10-05,U0717
P0001,2024-10-05,U0117
P0001,2024-10-05,U0589
P0001,2024-10-05,U0064
P0001,2024-10-05,U0345
P0001,2024-10-05,U0137
P0001,2024-10-05,U0098
P0001,2024-10-05,U0214
P0001,2024-10-05,U0297
P0001,2024-10-05,U0049
P0001,2024-10-05,U0175
P0001,2024-10-05,U0701
P0001,2024-10-05,U0501
P0001,2024-10-05,U0085
P0001,2024-10-05,U0097
P0001,2024-10-05,U0118
P0001,2024-10-05,U0711
P0001,2024-10-05,U0693
P0001,2024-10-05,U0579
P0001,2024-10-05,U0483
P0001,2024-10-05,U0672
P0001,2024-10-05,U0424
P0001,2024-10-05,U0200
P0001,2024-10-05,U0452
P0001,2024-10-05,U0057
P0001,2024-10-05,U0372
P0001,2024-10-05,U0438
P0001,2024-10-05,U0515
P0001,2024-10-05,U0196
P0001,2024-10-05,U0602
P0001,2024-10-05,U0444
P0001,2024-10-05,U0558
P0001,2024-10-05,U0091
P0001,2024-10-05,U0331
P0001,2024-10-05,U0047
P0001,2024-10-05,U0312
P0001,2024-10-05,U0754
P0001,2024-10-05,U0083
P0001,2024-10-05,U0467
P0001,2024-10-05,U0413
P0001,2024-10-05,U0355
P0001,2024-10-05,U0779
P0001,2024-10-05,U0401
P0001,2024-10-05,U0832
P0001,2024-10-05,U0559
P0001,2024-10-05,U0270
P0001,2024-10-05,U0365
P0001,2024-10-05,U0588
P0001,2024-10-05,U0679
P0001,2024-10-05,U0083
P0001,2024-10-05,U0770
P0001,2024-10-05,U0216
P0001,2024-10-05,U0642
P0001,2024-10-05,U0766
P0001,2024-10-05,U0593
P0001,2024-10-05,U0158
P0001,2024-10-05,U0123
P0001,2024-10-05,U0237
P0001,2024-10-05,U0452
P0001,2024-10-05,U0019
P0001,2024-10-05,U0786
P0001,2024-10-05,U0038
P0001,2024-10-05,U0077
P0001,2024-10-05,U0428
P0001,2024-10-05,U0167
P0001,2024-10-05,U0061
P0001,2024-10-05,U0185
P0001,2024-10-05,U0688
P0001,2024-10-05,U0108
P0001,2024-10-05,U0748
P0001,2024-10-05,U0510
P0001,2024-10-05,U0328
P0001,2024-10-05,U0255
P0001,2024-10-05,U0292
P0001,2024-10-05,U0222
P0001,2024-10-05,U0848
P0001,2024-10-05,U0819
P0001,2024-10-05,U0205
P0001,2024-10-05,U0556
P0001,2024-10-05,U0570
P0001,2024-10-05,U0336
P0001,2024-10-05,U0447
P0001,2024-10-05,U0649
P0001,2024-10-05,U0166
P0001,2024-10-05,U0257
P0001,2024-10-05,U0169
P0001,2024-10-05,U0028
P0001,2024-10-05,U0077
P0001,2024-10-05,U0314
P0001,2024-10-05,U0817
P0001,2024-10-05,U0538
P0001,2024-10-05,U0139
P0001,2024-10-05,U0322
P0001,2024-10-05,U0444
P0001,2024-10-05,U0717
P0001,2024-10-05,U0199
P0001,2024-10-05,U0731
P0001,2024-10-05,U0604
P0001,2024-10-05,U0392
P0001,2024-10-06,U0566
P0001,2024-10-06,U0266
P0001,2024-10-06,U0119
P0001,2024-10-06,U0669
P0001,2024-10-06,U0825
P0001,2024-10-06,U0477
P0001,2024-10-06,U0607
P0001,2024-10-06,U0344
P0001,2024-10-06,U0081
P0001,2024-10-06,U0464
P0001,2024-10-06,U0534
P0001,2024-10-06,U0223
P0001,2024-10-06,U0743
P0001,2024-10-06,U0262
P0001,2024-10-06,U0016
P0001,2024-10-06,U0636
P0001,2024-10-06,U0499
P0001,2024-10-06,U0790
P0001,2024-10-06,U0590
P0001,2024-10-06,U0418
P0001,2024-10-06,U0426
P0001,2024-10-06,U0598
P0001,2024-10-06,U0066
P0001,2024-10-06,U0755
P0001,2024-10-06,U0342
P0001,2024-10-06,U0192
P0001,2024-10-06,U0529
P0001,2024-10-06,U0390
P0001,2024-10-06,U0367
P0001,2024-10-06,U0763
P0001,2024-10-06,U0834
P0001,2024-10-06,U0779
P0001,2024-10-06,U0707
P0001,2024-10-06,U0037
P0001,2024-10-06,U0513
P0001,2024-10-06,U0259
P0001,2024-10-06,U0057
P0001,2024-10-06,U0099
P0001,2024-10-06,U0751
P0001,2024-10-06,U0372
P0001,2024-10-06,U0216
P0001,2024-10-06,U0182
P0001,2024-10-06,U0693
P0001,2024-10-06,U0397
P0001,2024-10-06,U0634
P0001,2024-10-06,U0700
P0001,2024-10-06,U0656
P0001,2024-10-06,U0292
P0001,2024-10-06,U0171
P0001,2024-10-06,U0251
P0001,2024-10-06,U0366
P0001,2024-10-06,U0701
P0001,2024-10-06,U0733
P0001,2024-10-06,U0550
P0001,2024-10-06,U0204
P0001,2024-10-06,U0761
P0001,2024-10-06,U0577
P0001,2024-10-06,U0692
P0001,2024-10-06,U0592
P0001,2024-10-06,U0617
P0001,2024-10-06,U0550
P0001,2024-10-06,U0784
P0001,2024-10-06,U0257
P0001,2024-10-06,U0840
P0001,2024-10-06,U0099
P0001,2024-10-06,U0658
P0001,2024-10-06,U0248
P0001,2024-10-06,U0559
P0001,2024-10-06,U0016
P0001,2024-10-06,U0150
P0001,2024-10-06,U0114
P0001,2024-10-06,U0837
P0001,2024-10-06,U0826
P0001,2024-10-06,U0791
P0001,2024-10-06,U0320
P0001,2024-10-06,U0227
P0001,2024-10-06,U0687
P0001,2024-10-06,U0414
P0001,2024-10-06,U0406
P0001,2024-10-06,U0336
P0001,2024-10-06,U0333
P0001,2024-10-06,U0568
P0001,2024-10-06,U0620
P0001,2024-10-06,U0544
P0001,2024-10-06,U0019
P0001,2024-10-06,U0833
P0001,2024-10-06,U0077
P0001,2024-10-06,U0743
P0001,2024-10-06,U0340
P0001,2024-10-06,U0415
P0001,2024-10-06,U0702
P0001,2024-10-06,U0172
P0001,2024-10-06,U0323
P0001,2024-10-06,U0162
P0001,2024-10-06,U0751
P0001,2024-10-06,U0561
P0001,2024-10-06,U0131
P0001,2024-10-06,U0306
P0001,2024-10-06,U0237
P0001,2024-10-06,U0488
P0001,2024-10-06,U0593
P0001,2024-10-06,U0575
P0001,2024-10-06,U0460
P0001,2024-10-06,U0016
P0001,2024-10-06,U0145
P0001,2024-10-06,U0647
P0001,2024-10-06,U0242
P0001,2024-10-06,U0617
P0001,2024-10-06,U0009
P0001,2024-10-06,U0307
P0001,2024-10-06,U0563
P0001,2024-10-06,U0483
P0001,2024-10-06,U0597
P0001,2024-10-06,U0655
P0001,2024-10-06,U0151
P0001,2024-10-06,U0236
P0001,2024-10-06,U0056
P0001,2024-10-06,U0672
P0001,2024-10-06,U0684
P0001,2024-10-06,U0792
P0001,2024-10-06,U0232
P0001,2024-10-06,U0256
P0001,2024-10-06,U0580
P0001,2024-10-06,U0293
P0001,2024-10-06,U0083
P0001,2024-10-06,U0437
P0001,2024-10-06,U0110
P0001,2024-10-07,U0539
P0001,2024-10-07,U0690
P0001,2024-10-07,U0825
P0001,2024-10-07,U0225
P0001,2024-10-07,U0301
P0001,2024-10-07,U0124
P0001,2024-10-07,U0077
P0001,2024-10-07,U0685
P0001,2024-10-07,U0664
P0001,2024-10-07,U0583
P0001,2024-10-07,U0754
P0001,2024-10-07,U0623
P0001,2024-10-07,U0025
P0001,2024-10-07,U0438
P0001,2024-10-07,U0287
P0001,2024-10-07,U0060
P0001,2024-10-07,U0778
P0001,2024-10-07,U0349
P0001,2024-10-07,U0828
P0001,2024-10-07,U0307
P0001,2024-10-07,U0173
P0001,2024-10-07,U0845
P0001,2024-10-07,U0138
P0001,2024-10-07,U0038
P0001,2024-10-07,U0733
P0001,2024-10-07,U0639
P0001,2024-10-07,U0765
P0001,2024-10-07,U0589
P0001,2024-10-07,U0495
P0001,2024-10-07,U0746
P0001,2024-10-07,U0446
P0001,2024-10-07,U0456
P0001,2024-10-07,U0807
P0001,2024-10-07,U0022
P0001,2024-10-07,U0060
P0001,2024-10-07,U0487
P0001,2024-10-07,U0551
P0001,2024-10-07,U0679
P0001,2024-10-07,U0591
P0001,2024-10-07,U0836
P0001,2024-10-07,U0560
P0001,2024-10-07,U0270
P0001,2024-10-07,U0160
P0001,2024-10-07,U0792
P0001,2024-10-07,U0342
P0001,2024-10-07,U0523
P0001,2024-10-07,U0246
P0001,2024-10-07,U0341
P0001,2024-10-07,U0265
P0001,2024-10-07,U0394
P0001,2024-10-07,U0429
P0001,2024-10-07,U0056
P0001,2024-10-07,U0181
P0001,2024-10-07,U0678
P0001,2024-10-07,U0726
P0001,2024-10-07,U0752
P0001,2024-10-07,U0103
P0001,2024-10-07,U0250
P0001,2024-10-07,U0407
P0001,2024-10-07,U0819
P0001,2024-10-07,U0797
P0001,2024-10-07,U0067
P0001,2024-10-07,U0591
P0001,2024-10-07,U0179
P0001,2024-10-07,U0832
P0001,2024-10-07,U0736
P0001,2024-10-07,U0538
P0001,2024-10-07,U0073
P0001,2024-10-07,U0205
P0001,2024-10-07,U0008
P0001,2024-10-07,U0517
P0001,2024-10-07,U0051
P0001,2024-10-07,U0221
P0001,2024-10-07,U0383
P0001,2024-10-07,U0734
P0001,2024-10-07,U0148
P0001,2024-10-07,U0525
P0001,2024-10-07,U0019
P0001,2024-10-07,U0347
P0001,2024-10-07,U0549
P0001,2024-10-07,U0434
P0001,2024-10-07,U0506
P0001,2024-10-07,U0053
P0001,2024-10-07,U0683
P0001,2024-10-07,U0527
P0001,2024-10-07,U0254
P0001,2024-10-07,U0172
P0001,2024-10-07,U0033
P0001,2024-10-07,U0542
P0001,2024-10-07,U0684
P0001,2024-10-07,U0004
P0001,2024-10-07,U0018
P0001,2024-10-07,U0637
P0001,2024-10-07,U0332
P0001,2024-10-07,U0841
P0001,2024-10-07,U0067
P0001,2024-10-07,U0059
P0001,2024-10-07,U0357
P0001,2024-10-07,U0602
P0001,2024-10-07,U0607
P0001,2024-10-07,U0369
P0001,2024-10-07,U0287
P0001,2024-10-07,U0630
P0001,2024-10-07,U0833
P0001,2024-10-07,U0596
P0001,2024-10-07,U0673
P0001,2024-10-07,U0626
P0001,2024-10-07,U0200
P0001,2024-10-07,U0694
P0001,2024-10-07,U0133
P0001,2024-10-07,U0646
P0001,2024-10-07,U0155
P0001,2024-10-07,U0142
P0001,2024-10-07,U0488
P0001,2024-10-07,U0343
P0001,2024-10-07,U0025
P0001,2024-10-07,U0170
P0001,2024-10-07,U0081
P0001,2024-10-07,U0195
P0001,2024-10-07,U0667
P0001,2024-10-07,U0783
P0001,2024-10-07,U0815
P0001,2024-10-07,U0193
P0001,2024-10-07,U0364
P0001,2024-10-07,U0257
P0001,2024-10-07,U0735
P0001,2024-10-07,U0544
P0001,2024-10-07,U0655
P0001,2024-10-08,U0791
P0001,2024-10-08,U0393
P0001,2024-10-08,U0819
P0001,2024-10-08,U0217
P0001,2024-10-08,U0581
P0001,2024-10-08,U0450
P0001,2024-10-08,U0295
P0001,2024-10-08,U0250
P0001,2024-10-08,U0242
P0001,2024-10-08,U0131
P0001,2024-10-08,U0123
P0001,2024-10-08,U0354
P0001,2024-10-08,U0582
P0001,2024-10-08,U0313
P0001,2024-10-08,U0576
P0001,2024-10-08,U0401
P0001,2024-10-08,U0049
P0001,2024-10-08,U0188
P0001,2024-10-08,U0385
P0001,2024-10-08,U0446
P0001,2024-10-08,U0643
P0001,2024-10-08,U0578
P0001,2024-10-08,U0086
P0001,2024-10-08,U0245
P0001,2024-10-08,U0185
P0001,2024-10-08,U0180
P0001,2024-10-08,U0273
P0001,2024-10-08,U0829
P0001,2024-10-08,U0528
P0001,2024-10-08,U0508
P0001,2024-10-08,U0065
P0001,2024-10-08,U0100
P0001,2024-10-08,U0480
P0001,2024-10-08,U0845
P0001,2024-10-08,U0132
P0001,2024-10-08,U0375
P0001,2024-10-08,U0167
P0001,2024-10-08,U0720
P0001,2024-10-08,U0265
P0001,2024-10-08,U0231
P0001,2024-10-08,U0129
P0001,2024-10-08,U0375
P0001,2024-10-08,U0649
P0001,2024-10-08,U0219
P0001,2024-10-08,U0776
P0001,2024-10-08,U0818
P0001,2024-10-08,U0461
P0001,2024-10-08,U0094
P0001,2024-10-08,U0148
P0001,2024-10-08,U0642
P0001,2024-10-08,U0182
P0001,2024-10-08,U0648
P0001,2024-10-08,U0011
P0001,2024-10-08,U0807
P0001,2024-10-08,U0670
P0001,2024-10-08,U0582
P0001,2024-10-08,U0297
P0001,2024-10-08,U0485
P0001,2024-10-08,U0354
P0001,2024-10-08,U0221
P0001,2024-10-08,U0328
P0001,2024-10-08,U0114
P0001,2024-10-08,U0705
P0001,2024-10-08,U0828
P0001,2024-10-08,U0234
P0001,2024-10-08,U0220
P0001,2024-10-08,U0264
P0001,2024-10-08,U0204
P0001,2024-10-08,U0335
P0001,2024-10-08,U0506
P0001,2024-10-08,U0059
P0001,2024-10-08,U0742
P0001,2024-10-08,U0738
P0001,2024-10-08,U0162
P0001,2024-10-08,U0478
P0001,2024-10-08,U0056
P0001,2024-10-08,U0705
P0001,2024-10-08,U0266
P0001,2024-10-08,U0600
P0001,2024-10-08,U0207
P0001,2024-10-08,U0077
P0001,2024-10-08,U0107
P0001,2024-10-08,U0138
P0001,2024-10-08,U0542
P0001,2024-10-08,U0614
P0001,2024-10-08,U0600
P0001,2024-10-08,U0835
P0001,2024-10-08,U0776
P0001,2024-10-08,U0795
P0001,2024-10-08,U0716
P0001,2024-10-08,U0338
P0001,2024-10-08,U0223
P0001,2024-10-08,U0216
P0001,2024-10-08,U0323
P0001,2024-10-08,U0574
P0001,2024-10-08,U0258
P0001,2024-10-08,U0701
P0001,2024-10-08,U0552
P0001,2024-10-08,U0645
P0001,2024-10-08,U0270
P0001,2024-10-08,U0501
P0001,2024-10-08,U0200
P0001,2024-10-08,U0830
P0001,2024-10-08,U0713
P0001,2024-10-08,U0051
P0001,2024-10-08,U0826
P0001,2024-10-08,U0359
P0001,2024-10-08,U0621
P0001,2024-10-08,U0508
P0001,2024-10-08,U0276
P0001,2024-10-08,U0784
P0001,2024-10-08,U0826
P0001,2024-10-08,U0653
P0001,2024-10-08,U0445
P0001,2024-10-08,U0595
P0001,2024-10-08,U0790
P0001,2024-10-08,U0427
P0001,2024-10-08,U0749
P0001,2024-10-08,U0426
P0001,2024-10-08,U0439
P0001,2024-10-08,U0292
P0001,2024-10-08,U0296
P0001,2024-10-08,U0323
P0001,2024-10-08,U0040
P0001,2024-10-08,U0262
P0001,2024-10-08,U0802
P0001,2024-10-08,U0322
P0001,2024-10-08,U0641
P0001,2024-10-08,U0428
P0001,2024-10-09,U0409
P0001,2024-10-09,U0111
P0001,2024-10-09,U0612
P0001,2024-10-09,U0598
P0001,2024-10-09,U0778
P0001,2024-10-09,U0203
P0001,2024-10-09,U0300
P0001,2024-10-09,U0123
P0001,2024-10-09,U0259
P0001,2024-10-09,U0649
P0001,2024-10-09,U0027
P0001,2024-10-09,U0064
P0001,2024-10-09,U0619
P0001,2024-10-09,U0565
P0001,2024-10-09,U0315
P0001,2024-10-09,U0368
P0001,2024-10-09,U0818
P0001,2024-10-09,U0356
P0001,2024-10-09,U0265
P0001,2024-10-09,U0616
P0001,2024-10-09,U0635
P0001,2024-10-09,U0798
P0001,2024-10-09,U0688
P0001,2024-10-09,U0232
P0001,2024-10-09,U0381
P0001,2024-10-09,U0690
P0001,2024-10-09,U0707
P0001,2024-10-09,U0594
P0001,2024-10-09,U0697
P0001,2024-10-09,U0183
P0001,2024-10-09,U0574
P0001,2024-10-09,U0531
P0001,2024-10-09,U0644
P0001,2024-10-09,U0148
P0001,2024-10-09,U0740
P0001,2024-10-09,U0452
P0001,2024-10-09,U0509
P0001,2024-10-09,U0023
P0001,2024-10-09,U0275
P0001,2024-10-09,U0540
P0001,2024-10-09,U0128
P0001,2024-10-09,U0364
P0001,2024-10-09,U0576
P0001,2024-10-09,U0478
P0001,2024-10-09,U0709
P0001,2024-10-09,U0190
P0001,2024-10-09,U0297
P0001,2024-10-09,U0292
P0001,2024-10-09,U0300
P0001,2024-10-09,U0212
P0001,2024-10-09,U0812
P0001,2024-10-09,U0830
P0001,2024-10-09,U0722
P0001,2024-10-09,U0294
P0001,2024-10-09,U0162
P0001,2024-10-09,U0454
P0001,2024-10-09,U0025
P0001,2024-10-09,U0749
P0001,2024-10-09,U0710
P0001,2024-10-09,U0575
P0001,2024-10-09,U0490
P0001,2024-10-09,U0533
P0001,2024-10-09,U0359
P0001,2024-10-09,U0623
P0001,2024-10-09,U0677
P0001,2024-10-09,U0030
P0001,2024-10-09,U0390
P0001,2024-10-09,U0610
P0001,2024-10-09,U0512
P0001,2024-10-09,U0182
P0001,2024-10-09,U0383
P0001,2024-10-09,U0095
P0001,2024-10-09,U0637
P0001,2024-10-09,U0520
P0001,2024-10-09,U0191
P0001,2024-10-09,U0251
P0001,2024-10-09,U0586
P0001,2024-10-09,U0027
P0001,2024-10-09,U0391
P0001,2024-10-09,U0476
P0001,2024-10-09,U0496
P0001,2024-10-09,U0685
P0001,2024-10-09,U0299
P0001,2024-10-09,U0066
P0001,2024-10-09,U0092
P0001,2024-10-09,U0347
P0001,2024-10-09,U0401
P0001,2024-10-09,U0060
P0001,2024-10-09,U0280
P0001,2024-10-09,U0277
P0001,2024-10-09,U0036
P0001,2024-10-09,U0394
P0001,2024-10-09,U0560
P0001,2024-10-09,U0312
P0001,2024-10-09,U0634
P0001,2024-10-09,U0813
P0001,2024-10-09,U0074
P0001,2024-10-09,U0025
P0001,2024-10-09,U0733
P0001,2024-10-09,U0447
P0001,2024-10-09,U0086
P0001,2024-10-09,U0575
P0001,2024-10-09,U0836
P0001,2024-10-09,U0377
P0001,2024-10-09,U0633
P0001,2024-10-09,U0082
P0001,2024-10-09,U0796
P0001,2024-10-09,U0267
P0001,2024-10-09,U0241
P0001,2024-10-09,U0459
P0001,2024-10-09,U0488
P0001,2024-10-09,U0836
P0001,2024-10-09,U0420
P0001,2024-10-09,U0814
P0001,2024-10-09,U0641
P0001,2024-10-09,U0645
P0001,2024-10-09,U0704
P0001,2024-10-09,U0850
P0001,2024-10-09,U0295
P0001,2024-10-09,U0068
P0001,2024-10-09,U0567
P0001,2024-10-09,U0281
P0001,2024-10-09,U0278
P0001,2024-10-09,U0256
P0001,2024-10-09,U0604
P0001,2024-10-09,U0044
P0001,2024-10-09,U0271
P0001,2024-10-09,U0587
P0001,2024-10-09,U0610
P0001,2024-10-09,U0023
P0001,2024-10-09,U0582
P0001,2024-10-09,U0035
P0001,2024-10-09,U0804
P0001,2024-10-10,U0708
P0001,2024-10-10,U0832
P0001,2024-10-10,U0096
P0001,2024-10-10,U0845
P0001,2024-10-10,U0047
P0001,2024-10-10,U0694
P0001,2024-10-10,U0457
P0001,2024-10-10,U0152
P0001,2024-10-10,U0808
P0001,2024-10-10,U0521
P0001,2024-10-10,U0153
P0001,2024-10-10,U0811
P0001,2024-10-10,U0158
P0001,2024-10-10,U0039
P0001,2024-10-10,U0376
P0001,2024-10-10,U0721
P0001,2024-10-10,U0047
P0001,2024-10-10,U0614
P0001,2024-10-10,U0445
P0001,2024-10-10,U0077
P0001,2024-10-10,U0737
P0001,2024-10-10,U0577
P0001,2024-10-10,U0638
P0001,2024-10-10,U0577
P0001,2024-10-10,U0248
P0001,2024-10-10,U0261
P0001,2024-10-10,U0535
P0001,2024-10-10,U0547
P0001,2024-10-10,U0670
P0001,2024-10-10,U0541
P0001,2024-10-10,U0499
P0001,2024-10-10,U0702
P0001,2024-10-10,U0563
P0001,2024-10-10,U0471
P0001,2024-10-10,U0653
P0001,2024-10-10,U0444
P0001,2024-10-10,U0789
P0001,2024-10-10,U0534
P0001,2024-10-10,U0076
P0001,2024-10-10,U0709
P0001,2024-10-10,U0397
P0001,2024-10-10,U0755
P0001,2024-10-10,U0344
P0001,2024-10-10,U0262
P0001,2024-10-10,U0497
P0001,2024-10-10,U0454
P0001,2024-10-10,U0669
P0001,2024-10-10,U0105
P0001,2024-10-10,U0036
P0001,2024-10-10,U0506
P0001,2024-10-10,U0244
P0001,2024-10-10,U0219
P0001,2024-10-10,U0708
P0001,2024-10-10,U0108
P0001,2024-10-10,U0706
P0001,2024-10-10,U0504
P0001,2024-10-10,U0177
P0001,2024-10-10,U0186
P0001,2024-10-10,U0111
P0001,2024-10-10,U0019
P0001,2024-10-10,U0151
P0001,2024-10-10,U0234
P0001,2024-10-10,U0760
P0001,2024-10-10,U0035
P0001,2024-10-10,U0329
P0001,2024-10-10,U0782
P0001,2024-10-10,U0601
P0001,2024-10-10,U0592
P0001,2024-10-10,U0717
P0001,2024-10-10,U0337
P0001,2024-10-10,U0664
P0001,2024-10-10,U0475
P0001,2024-10-10,U0175
P0001,2024-10-10,U0800
P0001,2024-10-10,U0779
P0001,2024-10-10,U0680
P0001,2024-10-10,U0244
P0001,2024-10-10,U0743
P0001,2024-10-10,U0343
P0001,2024-10-10,U0789
P0001,2024-10-10,U0432
P0001,2024-10-10,U0500
P0001,2024-10-10,U0731
P0001,2024-10-10,U0026
P0001,2024-10-10,U0618
P0001,2024-10-10,U0406
P0001,2024-10-10,U0151
P0001,2024-10-10,U0499
P0001,2024-10-10,U0147
P0001,2024-10-10,U0316
P0001,2024-10-10,U0722
P0001,2024-10-10,U0037
P0001,2024-10-10,U0628
P0001,2024-10-10,U0521
P0001,2024-10-10,U0644
P0001,2024-10-10,U0601
P0001,2024-10-10,U0715
P0001,2024-10-10,U0740
P0001,2024-10-10,U0609
P0001,2024-10-10,U0797
P0001,2024-10-10,U0481
P0001,2024-10-10,U0755
P0001,2024-10-10,U0067
P0001,2024-10-10,U0239
P0001,2024-10-10,U0415
P0001,2024-10-10,U0775
P0001,2024-10-10,U0709
P0001,2024-10-10,U0083
P0001,2024-10-10,U0833
P0001,2024-10-10,U0277
P0001,2024-10-10,U0610
P0001,2024-10-10,U0650
P0001,2024-10-10,U0434
P0001,2024-10-10,U0351
P0001,2024-10-11,U0015
P0001,2024-10-11,U0320
P0001,2024-10-11,U0763
P0001,2024-10-11,U0111
P0001,2024-10-11,U0650
P0001,2024-10-11,U0798
P0001,2024-10-11,U0642
P0001,2024-10-11,U0757
P0001,2024-10-11,U0082
P0001,2024-10-11,U0177
P0001,2024-10-11,U0447
P0001,2024-10-11,U0280
P0001,2024-10-11,U0308
P0001,2024-10-11,U0215
P0001,2024-10-11,U0529
P0001,2024-10-11,U0015
P0001,2024-10-11,U0147
P0001,2024-10-11,U0389
P0001,2024-10-11,U0311
P0001,2024-10-11,U0715
P0001,2024-10-11,U0084
P0001,2024-10-11,U0551
P0001,2024-10-11,U0512
P0001,2024-10-11,U0688
P0001,2024-10-11,U0503
P0001,2024-10-11,U0072
P0001,2024-10-11,U0538
P0001,2024-10-11,U0225
P0001,2024-10-11,U0530
P0001,2024-10-11,U0244
P0001,2024-10-11,U0481
P0001,2024-10-11,U0417
P0001,2024-10-11,U0436
P0001,2024-10-11,U0496
P0001,2024-10-11,U0427
P0001,2024-10-11,U0130
P0001,2024-10-11,U0174
P0001,2024-10-11,U0626
P0001,2024-10-11,U0084
P0001,2024-10-11,U0558
P0001,2024-10-11,U0701
P0001,2024-10-11,U0010
P0001,2024-10-11,U0671
P0001,2024-10-11,U0570
P0001,2024-10-11,U0035
P0001,2024-10-11,U0004
P0001,2024-10-11,U0209
P0001,2024-10-11,U0667
P0001,2024-10-11,U0777
P0001,2024-10-11,U0587
P0001,2024-10-11,U0606
P0001,2024-10-11,U0692
P0001,2024-10-11,U0525
P0001,2024-10-11,U0287
P0001,2024-10-11,U0672
P0001,2024-10-11,U0753
P0001,2024-10-11,U0687
P0001,2024-10-11,U0548
P0001,2024-10-11,U0331
P0001,2024-10-11,U0185
P0001,2024-10-11,U0209
P0001,2024-10-11,U0180
P0001,2024-10-11,U0257
P0001,2024-10-11,U0032
P0001,2024-10-11,U0792
P0001,2024-10-11,U0013
P0001,2024-10-11,U0138
P0001,2024-10-11,U0442
P0001,2024-10-11,U0573
P0001,2024-10-11,U0839
P0001,2024-10-11,U0658
P0001,2024-10-11,U0612
P0001,2024-10-11,U0180
P0001,2024-10-11,U0009
P0001,2024-10-11,U0554
P0001,2024-10-11,U0480
P0001,2024-10-11,U0320
P0001,2024-10-11,U0584
P0001,2024-10-11,U0481
P0001,2024-10-11,U0419
P0001,2024-10-11,U0794
P0001,2024-10-11,U0837
P0001,2024-10-11,U0029
P0001,2024-10-11,U0578
P0001,2024-10-11,U0122
P0001,2024-10-11,U0596
P0001,2024-10-11,U0481
P0001,2024-10-11,U0322
P0001,2024-10-11,U0620
P0001,2024-10-11,U0587
P0001,2024-10-11,U0074
P0001,2024-10-11,U0531
P0001,2024-10-11,U0329
P0001,2024-10-11,U0704
P0001,2024-10-11,U0740
P0001,2024-10-11,U0530
P0001,2024-10-11,U0590
P0001,2024-10-11,U0603
P0001,2024-10-11,U0369
P0001,2024-10-11,U0020
P0001,2024-10-11,U0387
P0001,2024-10-11,U0546
P0001,2024-10-11,U0706
P0001,2024-10-11,U0101
P0001,2024-10-11,U0559
P0001,2024-10-11,U0142
P0001,2024-10-11,U0845
P0001,2024-10-11,U0191
P0001,2024-10-11,U0112
P0001,2024-10-11,U0767
P0001,2024-10-11,U0378
P0001,2024-10-11,U0107
P0001,2024-10-11,U0306
P0001,2024-10-11,U0442
P0001,2024-10-11,U0352
P0001,2024-10-11,U0103
P0001,2024-10-11,U0019
P0001,2024-10-11,U0328
P0001,2024-10-11,U0190
P0001,2024-10-11,U0553
P0001,2024-10-11,U0699
P0001,2024-10-11,U0059
P0001,2024-10-11,U0551
P0001,2024-10-11,U0108
P0001,2024-10-11,U0018
P0001,2024-10-11,U0398
P0001,2024-10-11,U0195
P0001,2024-10-11,U0694
P0001,2024-10-11,U0677
P0001,2024-10-11,U0458
P0001,2024-10-11,U0758
P0001,2024-10-11,U0448
P0001,2024-10-11,U0837
P0001,2024-10-12,U0790
P0001,2024-10-12,U0532
P0001,2024-10-12,U0330
P0001,2024-10-12,U0023
P0001,2024-10-12,U0743
P0001,2024-10-12,U0472
P0001,2024-10-12,U0413
P0001,2024-10-12,U0563
P0001,2024-10-12,U0726
P0001,2024-10-12,U0740
P0001,2024-10-12,U0533
P0001,2024-10-12,U0714
P0001,2024-10-12,U0001
P0001,2024-10-12,U0368
P0001,2024-10-12,U0236
P0001,2024-10-12,U0629
P0001,2024-10-12,U0756
P0001,2024-10-12,U0068
P0001,2024-10-12,U0247
P0001,2024-10-12,U0013
P0001,2024-10-12,U0281
P0001,2024-10-12,U0416
P0001,2024-10-12,U0612
P0001,2024-10-12,U0173
P0001,2024-10-12,U0508
P0001,2024-10-12,U0306
P0001,2024-10-12,U0187
P0001,2024-10-12,U0144
P0001,2024-10-12,U0331
P0001,2024-10-12,U0769
P0001,2024-10-12,U0741
P0001,2024-10-12,U0276
P0001,2024-10-12,U0827
P0001,2024-10-12,U0043
P0001,2024-10-12,U0631
P0001,2024-10-12,U0023
P0001,2024-10-12,U0194
P0001,2024-10-12,U0283
P0001,2024-10-12,U0811
P0001,2024-10-12,U0739
P0001,2024-10-12,U0154
P0001,2024-10-12,U0455
P0001,2024-10-12,U0375
P0001,2024-10-12,U0398
P0001,2024-10-12,U0645
P0001,2024-10-12,U0297
P0001,2024-10-12,U0002
P0001,2024-10-12,U0554
P0001,2024-10-12,U0032
P0001,2024-10-12,U0849
P0001,2024-10-12,U0466
P0001,2024-10-12,U0401
P0001,2024-10-12,U0256
P0001,2024-10-12,U0236
P0001,2024-10-12,U0252
P0001,2024-10-12,U0093
P0001,2024-10-12,U0161
P0001,2024-10-12,U0768
P0001,2024-10-12,U0054
P0001,2024-10-12,U0273
P0001,2024-10-12,U0236
P0001,2024-10-12,U0616
P0001,2024-10-12,U0732
P0001,2024-10-12,U0200
P0001,2024-10-12,U0355
P0001,2024-10-12,U0356
P0001,2024-10-12,U0121
P0001,2024-10-12,U0041
P0001,2024-10-12,U0487
P0001,2024-10-12,U0211
P0001,2024-10-12,U0498
P0001,2024-10-12,U0747
P0001,2024-10-12,U0067
P0001,2024-10-12,U0453
P0001,2024-10-12,U0524
P0001,2024-10-12,U0610
P0001,2024-10-12,U0124
P0001,2024-10-12,U0337
P0001,2024-10-12,U0496
P0001,2024-10-12,U0465
P0001,2024-10-12,U0069
P0001,2024-10-12,U0363
P0001,2024-10-12,U0081
P0001,2024-10-12,U0515
P0001,2024-10-12,U0632
P0001,2024-10-12,U0006
P0001,2024-10-12,U0404
P0001,2024-10-12,U0384
P0001,2024-10-12,U0421
P0001,2024-10-12,U0528
P0001,2024-10-12,U0720
P0001,2024-10-12,U0460
P0001,2024-10-12,U0807
P0001,2024-10-12,U0499
P0001,2024-10-12,U0266
P0001,2024-10-12,U0595
P0001,2024-10-12,U0416
P0001,2024-10-12,U0374
P0001,2024-10-12,U0064
P0001,2024-10-12,U0789
P0001,2024-10-12,U0120
P0001,2024-10-12,U0388
P0001,2024-10-12,U0059
P0001,2024-10-12,U0206
P0001,2024-10-12,U0703
P0001,2024-10-12,U0554
P0001,2024-10-12,U0133
P0001,2024-10-12,U0334
P0001,2024-10-12,U0647
P0001,2024-10-12,U0767
P0001,2024-10-12,U0796
P0001,2024-10-12,U0288
P0001,2024-10-12,U0190
P0001,2024-10-12,U0764
P0001,2024-10-12,U0616
P0001,2024-10-12,U0082
P0001,2024-10-12,U0220
P0001,2024-10-13,U0423
P0001,2024-10-13,U0433
P0001,2024-10-13,U0671
P0001,2024-10-13,U0683
P0001,2024-10-13,U0646
P0001,2024-10-13,U0756
P0001,2024-10-13,U0127
P0001,2024-10-13,U0496
P0001,2024-10-13,U0617
P0001,2024-10-13,U0221
P0001,2024-10-13,U0720
P0001,2024-10-13,U0398
P0001,2024-10-13,U0106
P0001,2024-10-13,U0521
P0001,2024-10-13,U0132
P0001,2024-10-13,U0411
P0001,2024-10-13,U0247
P0001,2024-10-13,U0268
P0001,2024-10-13,U0270
P0001,2024-10-13,U0827
P0001,2024-10-13,U0189
P0001,2024-10-13,U0760
P0001,2024-10-13,U0370
P0001,2024-10-13,U0031
P0001,2024-10-13,U0650
P0001,2024-10-13,U0712
P0001,2024-10-13,U0543
P0001,2024-10-13,U0009
P0001,2024-10-13,U0724
P0001,2024-10-13,U0631
P0001,2024-10-13,U0283
P0001,2024-10-13,U0405
P0001,2024-10-13,U0240
P0001,2024-10-13,U0718
P0001,2024-10-13,U0768
P0001,2024-10-13,U0541
P0001,2024-10-13,U0202
P0001,2024-10-13,U0755
P0001,2024-10-13,U0042
P0001,2024-10-13,U0185
P0001,2024-10-13,U0165
P0001,2024-10-13,U0369
P0001,2024-10-13,U0676
P0001,2024-10-13,U0484
P0001,2024-10-13,U0500
P0001,2024-10-13,U0651
P0001,2024-10-13,U0361
P0001,2024-10-13,U0090
P0001,2024-10-13,U0461
P0001,2024-10-13,U0410
P0001,2024-10-13,U0060
P0001,2024-10-13,U0148
P0001,2024-10-13,U0413
P0001,2024-10-13,U0713
P0001,2024-10-13,U0266
P0001,2024-10-13,U0526
P0001,2024-10-13,U0213
P0001,2024-10-13,U0690
P0001,2024-10-13,U0275
P0001,2024-10-13,U0244
P0001,2024-10-13,U0762
P0001,2024-10-13,U0673
P0001,2024-10-13,U0110
P0001,2024-10-13,U0180
P0001,2024-10-13,U0115
P0001,2024-10-13,U0463
P0001,2024-10-13,U0736
P0001,2024-10-13,U0312
P0001,2024-10-13,U0839
P0001,2024-10-13,U0475
P0001,2024-10-13,U0768
P0001,2024-10-13,U0663
P0001,2024-10-13,U0133
P0001,2024-10-13,U0310
P0001,2024-10-13,U0028
P0001,2024-10-13,U0455
P0001,2024-10-13,U0682
P0001,2024-10-13,U0796
P0001,2024-10-13,U0639
P0001,2024-10-13,U0560
P0001,2024-10-13,U0124
P0001,2024-10-13,U0008
P0001,2024-10-13,U0642
P0001,2024-10-13,U0840
P0001,2024-10-13,U0742
P0001,2024-10-13,U0809
P0001,2024-10-13,U0789
P0001,2024-10-13,U0321
P0001,2024-10-13,U0474
P0001,2024-10-13,U0842
P0001,2024-10-13,U0364
P0001,2024-10-13,U0417
P0001,2024-10-13,U0751
P0001,2024-10-13,U0806
P0001,2024-10-13,U0384
P0001,2024-10-13,U0259
P0001,2024-10-13,U0427
P0001,2024-10-13,U0365
P0001,2024-10-13,U0030
P0001,2024-10-13,U0313
P0001,2024-10-13,U0269
P0001,2024-10-13,U0841
P0001,2024-10-13,U0518
P0001,2024-10-13,U0612
P0001,2024-10-13,U0667
P0001,2024-10-13,U0704
P0001,2024-10-13,U0358
P0001,2024-10-13,U0749
P0001,2024-10-13,U0440
P0001,2024-10-13,U0019
P0001,2024-10-13,U0251
P0001,2024-10-13,U0288
P0001,2024-10-13,U0448
P0001,2024-10-13,U0831
P0001,2024-10-13,U0788
P0001,2024-10-13,U0168
P0001,2024-10-13,U0620
P0001,2024-10-13,U0396
P0001,2024-10-13,U0445
P0001,2024-10-13,U0241
P0001,2024-10-13,U0602
P0001,2024-10-13,U0250
P0001,2024-10-13,U0026
P0001,2024-10-13,U0677
P0001,2024-10-13,U0020
P0001,2024-10-13,U0189
P0001,2024-10-13,U0012
P0001,2024-10-14,U0121
P0001,2024-10-14,U0763
P0001,2024-10-14,U0823
P0001,2024-10-14,U0100
P0001,2024-10-14,U0451
P0001,2024-10-14,U0627
P0001,2024-10-14,U0739
P0001,2024-10-14,U0090
P0001,2024-10-14,U0223
P0001,2024-10-14,U0268
P0001,2024-10-14,U0645
P0001,2024-10-14,U0326
P0001,2024-10-14,U0235
P0001,2024-10-14,U0651
P0001,2024-10-14,U0668
P0001,2024-10-14,U0473
P0001,2024-10-14,U0635
P0001,2024-10-14,U0131
P0001,2024-10-14,U0268
P0001,2024-10-14,U0797
P0001,2024-10-14,U0689
P0001,2024-10-14,U0448
P0001,2024-10-14,U0158
P0001,2024-10-14,U0643
P0001,2024-10-14,U0684
P0001,2024-10-14,U0810
P0001,2024-10-14,U0012
P0001,2024-10-14,U0810
P0001,2024-10-14,U0306
P0001,2024-10-14,U0257
P0001,2024-10-14,U0703
P0001,2024-10-14,U0624
P0001,2024-10-14,U0051
P0001,2024-10-14,U0606
P0001,2024-10-14,U0778
P0001,2024-10-14,U0165
P0001,2024-10-14,U0498
P0001,2024-10-14,U0716
P0001,2024-10-14,U0613
P0001,2024-10-14,U0787
P0001,2024-10-14,U0057
P0001,2024-10-14,U0658
P0001,2024-10-14,U0578
P0001,2024-10-14,U0214
P0001,2024-10-14,U0789
P0001,2024-10-14,U0111
P0001,2024-10-14,U0741
P0001,2024-10-14,U0369
P0001,2024-10-14,U0225
P0001,2024-10-14,U0414
P0001,2024-10-14,U0784
P0001,2024-10-14,U0209
P0001,2024-10-14,U0366
P0001,2024-10-14,U0701
P0001,2024-10-14,U0539
P0001,2024-10-14,U0749
P0001,2024-10-14,U0041
P0001,2024-10-14,U0060
P0001,2024-10-14,U0783
P0001,2024-10-14,U0736
P0001,2024-10-14,U0327
P0001,2024-10-14,U0830
P0001,2024-10-14,U0298
P0001,2024-10-14,U0717
P0001,2024-10-14,U0437
P0001,2024-10-14,U0218
P0001,2024-10-14,U0433
P0001,2024-10-14,U0292
P0001,2024-10-14,U0266
P0001,2024-10-14,U0602
P0001,2024-10-14,U0391
P0001,2024-10-14,U0316
P0001,2024-10-14,U0804
P0001,2024-10-14,U0497
P0001,2024-10-14,U0122
P0001,2024-10-14,U0501
P0001,2024-10-14,U0368
P0001,2024-10-14,U0154
P0001,2024-10-14,U0784
P0001,2024-10-14,U0425
P0001,2024-10-14,U0824
P0001,2024-10-14,U0529
P0001,2024-10-14,U0542
P0001,2024-10-14,U0173
P0001,2024-10-14,U0423
P0001,2024-10-14,U0236
P0001,2024-10-14,U0603
P0001,2024-10-14,U0812
P0001,2024-10-14,U0717
P0001,2024-10-14,U0004
P0001,2024-10-14,U0324
P0001,2024-10-14,U0383
P0001,2024-10-14,U0317
P0001,2024-10-14,U0085
P0001,2024-10-14,U0355
P0001,2024-10-14,U0145
P0001,2024-10-14,U0232
P0001,2024-10-14,U0808
P0001,2024-10-14,U0590
P0001,2024-10-14,U0314
P0001,2024-10-14,U0134
P0001,2024-10-14,U0172
P0001,2024-10-14,U0502
P0001,2024-10-14,U0160
P0001,2024-10-14,U0139
P0001,2024-10-14,U0016
P0001,2024-10-14,U0096
P0001,2024-10-14,U0719
P0001,2024-10-14,U0022
P0001,2024-10-14,U0137
P0001,2024-10-14,U0589
P0001,2024-10-14,U0375
P0001,2024-10-14,U0455
P0001,2024-10-14,U0537
P0001,2024-10-14,U0273
P0001,2024-10-14,U0664
P0001,2024-10-14,U0042
P0001,2024-10-14,U0603
P0001,2024-10-14,U0255
P0001,2024-10-14,U0563
P0001,2024-10-14,U0519
P0001,2024-10-14,U0637
P0001,2024-10-14,U0271
P0001,2024-10-14,U0428
P0001,2024-10-14,U0034
P0001,2024-10-14,U0147
P0001,2024-10-14,U0567
